{"ay": "2026-05", "gun_sayisi": 9, "toplam_btc": 0.033490860000000004, "toplam_btc_tl": 122820.34829307001, "toplam_maliyet_tl": 44648.31606013801, "toplam_kar_tl": 86921.29113547673, "toplam_kwh": 35670.0}