{
  "ay": "2026-05",
  "gun_sayisi": 16,
  "toplam_btc": 0.05906850000000001,
  "toplam_btc_tl": 214792.70202394002,
  "toplam_maliyet_tl": 88563.624567138,
  "toplam_kar_tl": 150932.22895369222,
  "toplam_kwh": 61248.0
}