{
  "ay": "2026-05",
  "gun_sayisi": 28,
  "toplam_btc": 0.10081432000000003,
  "toplam_btc_tl": 358690.22454654006,
  "toplam_maliyet_tl": 144816.69696013798,
  "toplam_kar_tl": 251753.18576265062,
  "toplam_kwh": 108054.0
}