{"ay": "2026-05", "gun_sayisi": 4, "toplam_btc": 0.0148, "toplam_btc_tl": 54424.9983, "toplam_maliyet_tl": 17526.862806138004, "toplam_kar_tl": 39369.38500295291, "toplam_kwh": 16356.0}