{
  "ay": "2026-05",
  "gun_sayisi": 21,
  "toplam_btc": 0.07679467000000001,
  "toplam_btc_tl": 276626.91735104,
  "toplam_maliyet_tl": 114944.23662913802,
  "toplam_kar_tl": 194355.0326605511,
  "toplam_kwh": 80388.0
}