{
  "ay": "2026-05",
  "gun_sayisi": 13,
  "toplam_btc": 0.04844465000000001,
  "toplam_btc_tl": 177274.33745324,
  "toplam_maliyet_tl": 72541.50324913801,
  "toplam_kar_tl": 124372.89093868072,
  "toplam_kwh": 49590.0
}