{
  "ay": "2026-06",
  "gun_sayisi": 1,
  "toplam_btc": 0.00295038,
  "toplam_btc_tl": 9664.851853619999,
  "toplam_maliyet_tl": 9911.816649,
  "toplam_kar_tl": 9417.887058240003,
  "toplam_kwh": 3480.0
}