{"ay": "2026-05", "gun_sayisi": 3, "toplam_btc": 0.0111, "toplam_btc_tl": 40783.6348, "toplam_maliyet_tl": 12565.976820138003, "toplam_kar_tl": 29448.783534407456, "toplam_kwh": 12354.0}