{
  "ay": "2026-05",
  "gun_sayisi": 18,
  "toplam_btc": 0.06607166,
  "toplam_btc_tl": 239398.36515256,
  "toplam_maliyet_tl": 102815.032101138,
  "toplam_kar_tl": 168106.66435061657,
  "toplam_kwh": 68208.0
}