{
  "ay": "2026-06",
  "gun_sayisi": 4,
  "toplam_btc": 0.01365317,
  "toplam_btc_tl": 42379.24461928,
  "toplam_maliyet_tl": 34596.567117,
  "toplam_kar_tl": 29318.5732468773,
  "toplam_kwh": 13746.0
}