{
  "ay": "2026-05",
  "gun_sayisi": 20,
  "toplam_btc": 0.07324391000000001,
  "toplam_btc_tl": 264246.95826088,
  "toplam_maliyet_tl": 111421.86101713801,
  "toplam_kar_tl": 185497.4491823911,
  "toplam_kwh": 76212.0
}