{"ay": "2026-05", "gun_sayisi": 1, "toplam_btc": 0.0037, "toplam_btc_tl": 13618.9156, "toplam_maliyet_tl": 2644.2048481379993, "toplam_kar_tl": 10974.710751862003, "toplam_kwh": 4176.0}