{
  "ay": "2026-05",
  "gun_sayisi": 11,
  "toplam_btc": 0.04114186000000001,
  "toplam_btc_tl": 150701.04752757002,
  "toplam_maliyet_tl": 58285.10252413801,
  "toplam_kar_tl": 106741.34375287672,
  "toplam_kwh": 42630.0
}