{"ay": "2026-05", "gun_sayisi": 2, "toplam_btc": 0.0074, "toplam_btc_tl": 27241.2537, "toplam_maliyet_tl": 7605.090834138002, "toplam_kar_tl": 19636.162865862003, "toplam_kwh": 8352.0}