{
  "ay": "2026-05",
  "gun_sayisi": 14,
  "toplam_btc": 0.05184560000000001,
  "toplam_btc_tl": 189364.51064624,
  "toplam_maliyet_tl": 76281.59879713801,
  "toplam_kar_tl": 133248.6282877242,
  "toplam_kwh": 53766.0
}