{
  "ay": "2026-05",
  "gun_sayisi": 22,
  "toplam_btc": 0.08018771000000001,
  "toplam_btc_tl": 288638.04483128,
  "toplam_maliyet_tl": 118022.23103113801,
  "toplam_kar_tl": 203288.1657387911,
  "toplam_kwh": 84564.0
}