{
  "ay": "2026-06",
  "gun_sayisi": 2,
  "toplam_btc": 0.00693168,
  "toplam_btc_tl": 22329.80907792,
  "toplam_maliyet_tl": 16834.511484000002,
  "toplam_kar_tl": 17693.140892400006,
  "toplam_kwh": 6960.0
}