{
  "ay": "2026-05",
  "gun_sayisi": 23,
  "toplam_btc": 0.08377798000000002,
  "toplam_btc_tl": 301138.23403623,
  "toplam_maliyet_tl": 120969.04500613801,
  "toplam_kar_tl": 212841.54096874112,
  "toplam_kwh": 88740.0
}