{
  "ay": "2026-06",
  "gun_sayisi": 6,
  "toplam_btc": 0.02036025,
  "toplam_btc_tl": 61172.432540739996,
  "toplam_maliyet_tl": 47000.716875,
  "toplam_kar_tl": 41259.42668386093,
  "toplam_kwh": 21402.0
}