{"ay": "2026-05", "gun_sayisi": 10, "toplam_btc": 0.03731636000000001, "toplam_btc_tl": 136749.77036957, "toplam_maliyet_tl": 51466.70929213801, "toplam_kar_tl": 96818.20439527673, "toplam_kwh": 39150.0}