{"ay": "2026-05", "gun_sayisi": 5, "toplam_btc": 0.018500000000000003, "toplam_btc_tl": 68017.0038, "toplam_maliyet_tl": 22487.748792138005, "toplam_kar_tl": 49236.14138058927, "toplam_kwh": 20358.0}