{"ay": "2026-05", "gun_sayisi": 8, "toplam_btc": 0.029820930000000002, "toplam_btc_tl": 109499.81255808001, "toplam_maliyet_tl": 38528.91841213801, "toplam_kar_tl": 77817.21937205958, "toplam_kwh": 32016.0}