{
  "ay": "2026-05",
  "gun_sayisi": 27,
  "toplam_btc": 0.09769821000000002,
  "toplam_btc_tl": 348138.31887181004,
  "toplam_maliyet_tl": 136482.13671913798,
  "toplam_kar_tl": 246018.53843734396,
  "toplam_kwh": 104922.0
}