{
  "ay": "2026-06",
  "gun_sayisi": 3,
  "toplam_btc": 0.01057602,
  "toplam_btc_tl": 33375.39909618,
  "toplam_maliyet_tl": 24665.345901,
  "toplam_kar_tl": 23814.630708991583,
  "toplam_kwh": 10440.0
}