{
  "ay": "2026-05",
  "gun_sayisi": 19,
  "toplam_btc": 0.06966623000000001,
  "toplam_btc_tl": 252037.59218656,
  "toplam_maliyet_tl": 107917.446642138,
  "toplam_kar_tl": 176792.4974830711,
  "toplam_kwh": 72036.0
}