{
  "ay": "2026-05",
  "gun_sayisi": 12,
  "toplam_btc": 0.04496736000000001,
  "toplam_btc_tl": 164642.65382157,
  "toplam_maliyet_tl": 65103.495756138014,
  "toplam_kar_tl": 116652.87807367672,
  "toplam_kwh": 46110.0
}