{"ay": "2026-05", "gun_sayisi": 7, "toplam_btc": 0.026151, "toplam_btc_tl": 96057.93792750001, "toplam_maliyet_tl": 32409.520764138008, "toplam_kar_tl": 68574.474585111, "toplam_kwh": 28362.0}