{
  "ay": "2026-05",
  "gun_sayisi": 26,
  "toplam_btc": 0.09419077000000002,
  "toplam_btc_tl": 336308.28844965005,
  "toplam_maliyet_tl": 130533.927144138,
  "toplam_kar_tl": 238446.7132441611,
  "toplam_kwh": 101268.0
}