{
  "ay": "2026-05",
  "gun_sayisi": 24,
  "toplam_btc": 0.08708072000000001,
  "toplam_btc_tl": 312454.49796947005,
  "toplam_maliyet_tl": 124281.359466138,
  "toplam_kar_tl": 220845.49044198112,
  "toplam_kwh": 92916.0
}