{
  "ay": "2026-06",
  "gun_sayisi": 5,
  "toplam_btc": 0.01700322,
  "toplam_btc_tl": 51774.08463868,
  "toplam_maliyet_tl": 42656.975046,
  "toplam_kar_tl": 35350.425346977296,
  "toplam_kwh": 17400.0
}