{"ay": "2026-05", "gun_sayisi": 6, "toplam_btc": 0.0223255, "toplam_btc_tl": 82054.97826450001, "toplam_maliyet_tl": 27448.634778138006, "toplam_kar_tl": 58923.5765749371, "toplam_kwh": 24360.0}