{
  "ay": "2026-05",
  "gun_sayisi": 25,
  "toplam_btc": 0.09061305000000001,
  "toplam_btc_tl": 324265.7687949301,
  "toplam_maliyet_tl": 127267.057482138,
  "toplam_kar_tl": 229671.0632514411,
  "toplam_kwh": 97092.0
}