{
  "ay": "2026-05",
  "gun_sayisi": 15,
  "toplam_btc": 0.05548677000000001,
  "toplam_btc_tl": 202286.40761851,
  "toplam_maliyet_tl": 83328.681273138,
  "toplam_kar_tl": 142523.94198722314,
  "toplam_kwh": 57420.0
}