{
  "ay": "2026-05",
  "gun_sayisi": 17,
  "toplam_btc": 0.06258868000000001,
  "toplam_btc_tl": 227107.58004982,
  "toplam_maliyet_tl": 94638.434280138,
  "toplam_kar_tl": 158931.56555598363,
  "toplam_kwh": 64902.0
}